<?xml version="1.0" encoding="UTF-8" ?>
<!DOCTYPE configuration
        PUBLIC "-//mybatis.org//DTD Config 3.0//EN"
        "http://mybatis.org/dtd/mybatis-3-config.dtd">
<configuration>

    <!--加载properties文件-->
    <properties resource="jdbc.properties"></properties>

    <!--定义别名-->
    <typeAliases>
        <!--<typeAlias type="com.itheima.domain.Account" alias="account"></typeAlias>-->
        <package name="com.itheima.domain"></package>
    </typeAliases>

    <!--环境-->
    <environments default="developement">
        <environment id="developement">
            <transactionManager type="JDBC"></transactionManager>
            <dataSource type="POOLED">
                <property name="driver" value="${jdbc.driver}"></property>
                <property name="url" value="${jdbc.url}"></property>
                <property name="username" value="${jdbc.username}"></property>
                <property name="password" value="${jdbc.password}"></property>
            </dataSource>
        </environment>
    </environments>

    <!--加载映射-->
    <mappers>
        <!--<mapper resource="com/itheima/mapper/AccountMapper.xml"></mapper>-->
        <package name="com.itheima.mapper"></package>
    </mappers>


</configuration>